{"TimeStamp":"Fri Jan 17 11:02:13 2025\n","Circuits":{"ExitCode":"0","TraceCount":"161","Mode":"SPICE","Type":"TIFullMode","Models":[{"ModelName":"X_U1.NPN1X","FileName":"c:\\cds_spb_home\\cdssetup\\psptilibdir\\lm4041_n_adjc1p233_trans.lib","ModelType":".model","DeviceType":"q","Source":"FROM_INC","isLibSigned":"true","isAllowed":"true"},{"ModelName":"X_U1.PNPL1X","FileName":"c:\\cds_spb_home\\cdssetup\\psptilibdir\\lm4041_n_adjc1p233_trans.lib","ModelType":".model","DeviceType":"q","Source":"FROM_INC","isLibSigned":"true","isAllowed":"true"},{"ModelName":"X_U1.PNPV1X","FileName":"c:\\cds_spb_home\\cdssetup\\psptilibdir\\lm4041_n_adjc1p233_trans.lib","ModelType":".model","DeviceType":"q","Source":"FROM_INC","isLibSigned":"true","isAllowed":"true"},{"ModelName":"X_U12.DX","FileName":"c:\\cds_spb_home\\cdssetup\\psptilibdir\\opa177.lib","ModelType":".model","DeviceType":"d","Source":"FROM_INC","isLibSigned":"true","isAllowed":"true"},{"ModelName":"X_U13.DX","FileName":"c:\\cds_spb_home\\cdssetup\\psptilibdir\\opa177.lib","ModelType":".model","DeviceType":"d","Source":"FROM_INC","isLibSigned":"true","isAllowed":"true"},{"ModelName":"X_U14.DX","FileName":"c:\\cds_spb_home\\cdssetup\\psptilibdir\\opa177.lib","ModelType":".model","DeviceType":"d","Source":"FROM_INC","isLibSigned":"true","isAllowed":"true"},{"ModelName":"X_U15.DX","FileName":"c:\\cds_spb_home\\cdssetup\\psptilibdir\\opa177.lib","ModelType":".model","DeviceType":"d","Source":"FROM_INC","isLibSigned":"true","isAllowed":"true"},{"ModelName":"X_U12.QX","FileName":"c:\\cds_spb_home\\cdssetup\\psptilibdir\\opa177.lib","ModelType":".model","DeviceType":"q","Source":"FROM_INC","isLibSigned":"true","isAllowed":"true"},{"ModelName":"X_U13.QX","FileName":"c:\\cds_spb_home\\cdssetup\\psptilibdir\\opa177.lib","ModelType":".model","DeviceType":"q","Source":"FROM_INC","isLibSigned":"true","isAllowed":"true"},{"ModelName":"X_U14.QX","FileName":"c:\\cds_spb_home\\cdssetup\\psptilibdir\\opa177.lib","ModelType":".model","DeviceType":"q","Source":"FROM_INC","isLibSigned":"true","isAllowed":"true"},{"ModelName":"X_U15.QX","FileName":"c:\\cds_spb_home\\cdssetup\\psptilibdir\\opa177.lib","ModelType":".model","DeviceType":"q","Source":"FROM_INC","isLibSigned":"true","isAllowed":"true"},{"ModelName":"BA220","FileName":"d:\\cadence\\pspiceti\\tools\\pspice\\library\\cdn_psp_tipspice.lib","ModelType":".model","DeviceType":"d","Source":"FROM_INC","isLibSigned":"true","isAllowed":"true"},{"ModelName":"BA318","FileName":"d:\\cadence\\pspiceti\\tools\\pspice\\library\\cdn_psp_tipspice.lib","ModelType":".model","DeviceType":"d","Source":"FROM_INC","isLibSigned":"true","isAllowed":"true"},{"ModelName":"X_M1.MD","FileName":"d:\\cadence\\pspiceti\\tools\\pspice\\library\\cdn_psp_tipspice.lib","ModelType":".model","DeviceType":"d","Source":"FROM_INC","isLibSigned":"true","isAllowed":"true"},{"ModelName":"X_M1.MD1","FileName":"d:\\cadence\\pspiceti\\tools\\pspice\\library\\cdn_psp_tipspice.lib","ModelType":".model","DeviceType":"d","Source":"FROM_INC","isLibSigned":"true","isAllowed":"true"},{"ModelName":"X_M1.MD2","FileName":"d:\\cadence\\pspiceti\\tools\\pspice\\library\\cdn_psp_tipspice.lib","ModelType":".model","DeviceType":"d","Source":"FROM_INC","isLibSigned":"true","isAllowed":"true"},{"ModelName":"X_M1.MD3","FileName":"d:\\cadence\\pspiceti\\tools\\pspice\\library\\cdn_psp_tipspice.lib","ModelType":".model","DeviceType":"d","Source":"FROM_INC","isLibSigned":"true","isAllowed":"true"},{"ModelName":"X_M1.MM","FileName":"d:\\cadence\\pspiceti\\tools\\pspice\\library\\cdn_psp_tipspice.lib","ModelType":".model","DeviceType":"m","Source":"FROM_INC","isLibSigned":"true","isAllowed":"true"},{"ModelName":"BC547A","FileName":"d:\\cadence\\pspiceti\\tools\\pspice\\library\\cdn_psp_tipspice.lib","ModelType":".model","DeviceType":"q","Source":"FROM_INC","isLibSigned":"true","isAllowed":"true"},{"ModelName":"BC557A","FileName":"d:\\cadence\\pspiceti\\tools\\pspice\\library\\cdn_psp_tipspice.lib","ModelType":".model","DeviceType":"q","Source":"FROM_INC","isLibSigned":"true","isAllowed":"true"},{"ModelName":"BDX77","FileName":"d:\\cadence\\pspiceti\\tools\\pspice\\library\\cdn_psp_tipspice.lib","ModelType":".model","DeviceType":"q","Source":"FROM_INC","isLibSigned":"true","isAllowed":"true"}]}}